﻿{
  "configurations": [
    {
      "name": "WSL-GCC-Debug",
      "generator": "Unix Makefiles",
      "configurationType": "Debug",
      "buildRoot": "${projectDir}\\out\\build\\${name}",
      "installRoot": "${projectDir}\\out\\install\\${name}",
      "cmakeExecutable": "cmake",
      "cmakeCommandArgs": "10",
      "inheritEnvironments": [ "linux_x64" ],
      "wslPath": "${defaultWSLPath}"
    },
    {
      "name": "Linux-GCC-Debug",
      "generator": "Unix Makefiles",
      "configurationType": "Debug",
      "cmakeExecutable": "cmake",
      "remoteCopySourcesExclusionList": [ ".vs", ".git", "out" ],
      "cmakeCommandArgs": "",
      "buildCommandArgs": "",
      "ctestCommandArgs": "",
      "inheritEnvironments": [ "linux_x64" ],
      "remoteMachineName": "${defaultRemoteMachineName}",
      "remoteCMakeListsRoot": "$HOME/.vs/${projectDirName}/${workspaceHash}/src",
      "remoteBuildRoot": "$HOME/.vs/${projectDirName}/${workspaceHash}/out/build/${name}",
      "remoteInstallRoot": "$HOME/.vs/${projectDirName}/${workspaceHash}/out/install/${name}",
      "remoteCopySources": true,
      "rsyncCommandArgs": "-t --delete --delete-excluded",
      "remoteCopyBuildOutput": false,
      "remoteCopySourcesMethod": "rsync",
      "variables": []
    }
  ]
}